-- --------------------------------------------------------
-- Hôte :                        127.0.0.1
-- Version du serveur:           5.7.23 - MySQL Community Server (GPL)
-- SE du serveur:                Win64
-- HeidiSQL Version:             10.1.0.5464
-- --------------------------------------------------------

/*!40101 SET @OLD_CHARACTER_SET_CLIENT=@@CHARACTER_SET_CLIENT */;
/*!40101 SET NAMES utf8 */;
/*!50503 SET NAMES utf8mb4 */;
/*!40014 SET @OLD_FOREIGN_KEY_CHECKS=@@FOREIGN_KEY_CHECKS, FOREIGN_KEY_CHECKS=0 */;
/*!40101 SET @OLD_SQL_MODE=@@SQL_MODE, SQL_MODE='NO_AUTO_VALUE_ON_ZERO' */;


-- Listage de la structure de la base pour videogames_backup
DROP DATABASE IF EXISTS `videogamesvideogames_backup`;
CREATE DATABASE IF NOT EXISTS `videogames` /*!40100 DEFAULT CHARACTER SET utf8 */;
USE `videogames`;

-- Listage de la structure de la table videogames_backup. constructor
DROP TABLE IF EXISTS `constructor`;
CREATE TABLE IF NOT EXISTS `constructor` (
  `id` int(11) unsigned NOT NULL,
  `name` varchar(64) NOT NULL,
  PRIMARY KEY (`id`) USING BTREE
) ENGINE=InnoDB DEFAULT CHARSET=utf8;

-- Listage des données de la table videogames_backup.constructor : ~5 rows (environ)
/*!40000 ALTER TABLE `constructor` DISABLE KEYS */;
INSERT INTO `constructor` (`id`, `name`) VALUES
	(1, 'Nintendo'),
	(2, 'Sony'),
	(3, 'Sega'),
	(4, 'Microsoft'),
	(5, 'NEC');
/*!40000 ALTER TABLE `constructor` ENABLE KEYS */;

-- Listage de la structure de la table videogames_backup. developers
DROP TABLE IF EXISTS `developers`;
CREATE TABLE IF NOT EXISTS `developers` (
  `id` int(11) unsigned NOT NULL AUTO_INCREMENT,
  `name` varchar(128) NOT NULL,
  PRIMARY KEY (`id`)
) ENGINE=InnoDB AUTO_INCREMENT=135 DEFAULT CHARSET=utf8;

-- Listage des données de la table videogames_backup.developers : ~134 rows (environ)
/*!40000 ALTER TABLE `developers` DISABLE KEYS */;
INSERT INTO `developers` (`id`, `name`) VALUES
	(1, '2K'),
	(2, 'AM1'),
	(3, 'AM2'),
	(4, 'AM3'),
	(5, 'AM7'),
	(6, 'Amazing Studio'),
	(7, 'Amuze'),
	(8, 'Ancient'),
	(9, 'Angel'),
	(10, 'Apache Software'),
	(11, 'Appaloosa Interactive'),
	(12, 'Argonaut Software'),
	(13, 'Arkane Studios'),
	(14, 'ArtePiazza'),
	(15, 'Atlus'),
	(16, 'Attention To Detail Limited'),
	(17, 'Avalanche Software'),
	(18, 'Awesome Developments'),
	(19, 'Backbone Entertainment'),
	(20, 'Bandai Namco'),
	(21, 'Bethesda Softworks'),
	(22, 'BioWare'),
	(23, 'BITS Studios'),
	(24, 'Bizarre Creations'),
	(25, 'Black Box Games'),
	(26, 'Blind Squirrel'),
	(27, 'Blitz Games'),
	(28, 'BlueSky Software'),
	(29, 'Brøderbund'),
	(30, 'Bullet-Proof Software'),
	(31, 'Camelot'),
	(32, 'Capcom'),
	(33, 'Capybara Games'),
	(34, 'CD Projekt Red'),
	(35, 'Climax Entertainment'),
	(36, 'Climax Graphics'),
	(37, 'Clockwork Games'),
	(38, 'Codemasters'),
	(39, 'Core'),
	(40, 'Core Design'),
	(41, 'Crave'),
	(42, 'Crystal Dynamics'),
	(43, 'CSK Research Institute'),
	(44, 'Cyanide Studio'),
	(45, 'Darkworks'),
	(46, 'Deck 13'),
	(47, 'Disney Software'),
	(48, 'Domark Software'),
	(49, 'DotEmu'),
	(50, 'EA DICE'),
	(51, 'East Point Software'),
	(52, 'Eden Games'),
	(53, 'Eden Studios'),
	(54, 'Eidos Montréal'),
	(55, 'Eurocom Developments Ltd.'),
	(56, 'Factor 5'),
	(57, 'First Star Software, Inc.'),
	(58, 'Flagship'),
	(59, 'Fonfun'),
	(60, 'From Software'),
	(61, 'Game Arts'),
	(62, 'Game Freak'),
	(63, 'Genki Co. Ltd.'),
	(64, 'Griptonite Games'),
	(65, 'HAL Laboratory'),
	(66, 'Harmonix'),
	(67, 'Hitmaker'),
	(68, 'Hudson Soft'),
	(69, 'Hydravision'),
	(70, 'ICOM Simulations'),
	(71, 'id Software'),
	(72, 'Illusion Softworks'),
	(73, 'Infogrames'),
	(74, 'Innerloop Studios'),
	(75, 'Insomniac Games'),
	(76, 'Intelligent Systems'),
	(77, 'Interplay Productions'),
	(78, 'Iron Lore'),
	(79, 'ITE Media'),
	(80, 'Kemco'),
	(81, 'Konami'),
	(82, 'LucasArts'),
	(83, 'Master Designer Software'),
	(84, 'Matrix Software'),
	(85, 'Melbourne House Software'),
	(86, 'Mercury Steam'),
	(87, 'Midway'),
	(88, 'Mindscape'),
	(89, 'Namco'),
	(90, 'Natsume Inc.'),
	(91, 'Naughty Dog'),
	(92, 'Ninja Theory'),
	(93, 'Nintendo'),
	(94, 'Ocean'),
	(95, 'OverWorks'),
	(96, 'Paradigm Entertainment, Inc.'),
	(97, 'Polyphony D.'),
	(98, 'Quantic Dream'),
	(99, 'Rare'),
	(100, 'Rareware'),
	(101, 'Ready at Dawn'),
	(102, 'Red Entertainment'),
	(103, 'Retro Studios'),
	(104, 'S.A.D.'),
	(105, 'Santa Monica Studio'),
	(106, 'Sculptured Software, Inc.'),
	(107, 'Sega'),
	(108, 'Silicon Dreams'),
	(109, 'Software Creations'),
	(110, 'Sonic Team'),
	(111, 'Spiral House'),
	(112, 'Square'),
	(113, 'Square Enix'),
	(114, 'Synapse Software'),
	(115, 'Taito Corporation'),
	(116, 'Tantalus Interactive'),
	(117, 'Team Ninja'),
	(118, 'Technos Japan'),
	(119, 'Tecmo Ltd.'),
	(120, 'TOSE Software Co.'),
	(121, 'Traveller\'s Tales'),
	(122, 'Treasure'),
	(123, 'Tremor Entertainment'),
	(124, 'Tri-Ace'),
	(125, 'Ubisoft'),
	(126, 'UGA'),
	(127, 'Vicarious Visions'),
	(128, 'Video System Co.'),
	(129, 'Virgin Games'),
	(130, 'Visual Concepts'),
	(131, 'WayForward'),
	(132, 'Yacht Club Games'),
	(133, 'Sony'),
	(134, 'Aucun');
/*!40000 ALTER TABLE `developers` ENABLE KEYS */;

-- Listage de la structure de la table videogames_backup. gamesgenres
DROP TABLE IF EXISTS `gamesgenres`;
CREATE TABLE IF NOT EXISTS `gamesgenres` (
  `idGenre` int(11) unsigned NOT NULL,
  `idVideoGame` int(11) unsigned NOT NULL,
  PRIMARY KEY (`idGenre`,`idVideoGame`),
  KEY `FK_gamesgenres_videogames` (`idVideoGame`),
  CONSTRAINT `FK_gamesgenres_genres` FOREIGN KEY (`idGenre`) REFERENCES `genres` (`id`) ON DELETE CASCADE ON UPDATE CASCADE,
  CONSTRAINT `FK_gamesgenres_videogames` FOREIGN KEY (`idVideoGame`) REFERENCES `videogames` (`id`) ON DELETE CASCADE ON UPDATE CASCADE
) ENGINE=InnoDB DEFAULT CHARSET=utf8;

-- Listage des données de la table videogames_backup.gamesgenres : ~584 rows (environ)
/*!40000 ALTER TABLE `gamesgenres` DISABLE KEYS */;
INSERT INTO `gamesgenres` (`idGenre`, `idVideoGame`) VALUES
	(4, 1),
	(5, 1),
	(4, 2),
	(5, 2),
	(9, 3),
	(14, 3),
	(3, 4),
	(4, 4),
	(9, 5),
	(8, 6),
	(7, 7),
	(3, 8),
	(13, 9),
	(4, 10),
	(7, 11),
	(3, 12),
	(4, 13),
	(9, 14),
	(10, 14),
	(6, 15),
	(6, 16),
	(3, 17),
	(10, 18),
	(12, 18),
	(8, 19),
	(3, 21),
	(7, 22),
	(7, 23),
	(4, 24),
	(8, 25),
	(3, 26),
	(8, 26),
	(3, 27),
	(8, 27),
	(6, 28),
	(9, 28),
	(3, 29),
	(10, 29),
	(3, 30),
	(3, 31),
	(6, 32),
	(7, 33),
	(7, 34),
	(1, 35),
	(3, 36),
	(12, 36),
	(11, 37),
	(8, 38),
	(10, 39),
	(9, 40),
	(14, 40),
	(8, 41),
	(4, 42),
	(2, 43),
	(3, 43),
	(6, 43),
	(9, 43),
	(6, 44),
	(9, 44),
	(6, 45),
	(6, 46),
	(11, 47),
	(9, 48),
	(11, 48),
	(7, 49),
	(4, 50),
	(19, 51),
	(21, 51),
	(4, 52),
	(3, 53),
	(11, 53),
	(8, 54),
	(4, 55),
	(5, 55),
	(9, 56),
	(8, 57),
	(8, 58),
	(4, 59),
	(4, 60),
	(8, 61),
	(5, 62),
	(7, 62),
	(8, 63),
	(8, 64),
	(8, 65),
	(3, 66),
	(3, 67),
	(9, 67),
	(11, 68),
	(11, 69),
	(3, 70),
	(7, 70),
	(3, 71),
	(10, 72),
	(9, 73),
	(10, 73),
	(3, 74),
	(9, 74),
	(10, 74),
	(6, 75),
	(8, 76),
	(3, 77),
	(6, 77),
	(3, 78),
	(13, 78),
	(3, 79),
	(9, 79),
	(2, 80),
	(3, 80),
	(6, 80),
	(9, 80),
	(6, 81),
	(3, 82),
	(6, 82),
	(6, 83),
	(9, 83),
	(6, 84),
	(9, 84),
	(3, 86),
	(11, 87),
	(11, 88),
	(6, 89),
	(6, 90),
	(6, 91),
	(12, 91),
	(6, 92),
	(7, 93),
	(6, 94),
	(12, 94),
	(6, 95),
	(12, 95),
	(6, 96),
	(12, 96),
	(6, 97),
	(3, 98),
	(11, 98),
	(4, 99),
	(4, 100),
	(10, 101),
	(9, 102),
	(10, 102),
	(10, 103),
	(9, 104),
	(9, 105),
	(13, 106),
	(3, 107),
	(9, 107),
	(11, 108),
	(11, 109),
	(3, 110),
	(4, 111),
	(3, 112),
	(3, 113),
	(3, 114),
	(13, 115),
	(10, 116),
	(3, 117),
	(11, 117),
	(3, 118),
	(6, 118),
	(3, 119),
	(6, 119),
	(3, 121),
	(6, 122),
	(11, 123),
	(6, 124),
	(9, 124),
	(6, 125),
	(9, 125),
	(1, 126),
	(10, 126),
	(1, 127),
	(9, 127),
	(6, 128),
	(9, 128),
	(11, 129),
	(11, 130),
	(11, 131),
	(11, 132),
	(7, 133),
	(3, 134),
	(9, 135),
	(3, 136),
	(5, 138),
	(17, 138),
	(8, 139),
	(3, 140),
	(10, 141),
	(2, 142),
	(3, 142),
	(9, 142),
	(11, 142),
	(11, 143),
	(13, 143),
	(11, 144),
	(11, 145),
	(11, 146),
	(3, 147),
	(9, 147),
	(3, 148),
	(3, 149),
	(7, 150),
	(13, 151),
	(4, 152),
	(3, 153),
	(11, 154),
	(3, 155),
	(11, 155),
	(16, 155),
	(3, 156),
	(3, 157),
	(10, 157),
	(10, 158),
	(11, 158),
	(8, 159),
	(3, 160),
	(10, 161),
	(3, 162),
	(3, 163),
	(6, 164),
	(9, 164),
	(3, 165),
	(9, 165),
	(11, 166),
	(4, 167),
	(10, 168),
	(12, 169),
	(3, 170),
	(3, 171),
	(10, 171),
	(3, 172),
	(3, 173),
	(3, 174),
	(9, 175),
	(11, 175),
	(3, 176),
	(6, 177),
	(3, 178),
	(6, 178),
	(9, 178),
	(6, 179),
	(3, 180),
	(3, 181),
	(9, 181),
	(10, 182),
	(8, 183),
	(2, 184),
	(3, 184),
	(9, 184),
	(4, 185),
	(3, 186),
	(10, 186),
	(4, 187),
	(11, 188),
	(11, 189),
	(10, 190),
	(11, 190),
	(10, 191),
	(11, 191),
	(10, 192),
	(11, 192),
	(8, 193),
	(4, 194),
	(3, 195),
	(7, 195),
	(10, 196),
	(3, 197),
	(8, 197),
	(3, 198),
	(10, 198),
	(9, 199),
	(13, 199),
	(5, 200),
	(3, 201),
	(10, 201),
	(3, 202),
	(9, 202),
	(3, 203),
	(6, 204),
	(9, 204),
	(11, 205),
	(11, 206),
	(11, 207),
	(11, 208),
	(8, 209),
	(6, 210),
	(10, 211),
	(3, 212),
	(3, 213),
	(3, 214),
	(8, 215),
	(13, 216),
	(7, 217),
	(9, 217),
	(10, 217),
	(3, 218),
	(9, 218),
	(3, 219),
	(3, 220),
	(2, 221),
	(3, 221),
	(6, 221),
	(9, 221),
	(3, 222),
	(3, 223),
	(5, 223),
	(5, 224),
	(8, 225),
	(3, 226),
	(9, 227),
	(3, 228),
	(3, 229),
	(3, 230),
	(6, 231),
	(6, 232),
	(2, 233),
	(3, 233),
	(6, 233),
	(9, 233),
	(6, 234),
	(6, 235),
	(6, 236),
	(6, 237),
	(6, 238),
	(7, 239),
	(12, 239),
	(3, 240),
	(4, 241),
	(7, 242),
	(7, 243),
	(2, 244),
	(3, 244),
	(6, 244),
	(9, 244),
	(11, 245),
	(9, 246),
	(4, 247),
	(16, 247),
	(1, 248),
	(4, 249),
	(19, 250),
	(3, 251),
	(8, 252),
	(12, 253),
	(18, 253),
	(1, 254),
	(11, 255),
	(11, 256),
	(5, 257),
	(17, 257),
	(3, 258),
	(9, 259),
	(11, 259),
	(7, 260),
	(9, 261),
	(9, 262),
	(2, 263),
	(3, 263),
	(6, 263),
	(9, 263),
	(11, 264),
	(11, 265),
	(8, 266),
	(3, 267),
	(12, 268),
	(12, 269),
	(2, 270),
	(3, 270),
	(9, 270),
	(11, 270),
	(2, 271),
	(3, 271),
	(9, 271),
	(2, 272),
	(3, 272),
	(9, 272),
	(6, 273),
	(9, 273),
	(6, 274),
	(9, 274),
	(6, 275),
	(6, 276),
	(6, 277),
	(6, 278),
	(6, 279),
	(6, 280),
	(6, 281),
	(6, 282),
	(6, 283),
	(3, 284),
	(1, 285),
	(6, 286),
	(13, 287),
	(6, 288),
	(2, 289),
	(3, 289),
	(9, 289),
	(19, 292),
	(22, 292),
	(3, 293),
	(6, 293),
	(3, 294),
	(6, 294),
	(2, 295),
	(3, 295),
	(9, 295),
	(20, 295),
	(2, 296),
	(3, 296),
	(9, 296),
	(20, 296),
	(2, 297),
	(3, 297),
	(9, 297),
	(6, 298),
	(9, 299),
	(15, 299),
	(3, 300),
	(11, 301),
	(7, 302),
	(7, 303),
	(6, 304),
	(9, 305),
	(6, 306),
	(3, 307),
	(9, 307),
	(3, 308),
	(3, 309),
	(11, 309),
	(3, 310),
	(3, 311),
	(4, 312),
	(7, 313),
	(11, 314),
	(3, 315),
	(7, 315),
	(3, 316),
	(6, 316),
	(7, 317),
	(7, 318),
	(9, 319),
	(9, 320),
	(2, 321),
	(3, 321),
	(9, 321),
	(2, 322),
	(3, 322),
	(9, 322),
	(2, 323),
	(3, 323),
	(9, 323),
	(3, 324),
	(10, 324),
	(2, 325),
	(3, 325),
	(9, 325),
	(11, 325),
	(14, 326),
	(2, 327),
	(3, 327),
	(9, 327),
	(2, 328),
	(3, 328),
	(9, 328),
	(14, 328),
	(1, 329),
	(1, 330),
	(1, 331),
	(2, 331),
	(3, 331),
	(9, 331),
	(1, 332),
	(2, 332),
	(3, 332),
	(9, 332),
	(2, 333),
	(3, 333),
	(9, 333),
	(20, 333),
	(2, 334),
	(3, 334),
	(9, 334),
	(20, 334),
	(6, 335),
	(6, 336),
	(6, 337),
	(2, 338),
	(3, 338),
	(9, 338),
	(2, 339),
	(3, 339),
	(9, 339),
	(4, 340),
	(16, 340),
	(2, 341),
	(3, 341),
	(9, 341),
	(6, 342),
	(1, 343),
	(2, 343),
	(3, 343),
	(9, 343),
	(21, 344),
	(21, 345),
	(1, 346),
	(8, 347),
	(6, 348),
	(1, 349),
	(6, 350),
	(6, 351),
	(6, 352),
	(3, 353),
	(3, 354),
	(1, 355),
	(6, 356),
	(2, 357),
	(3, 357),
	(9, 357),
	(3, 358),
	(1, 359),
	(2, 359),
	(3, 359),
	(9, 359),
	(3, 360),
	(2, 361),
	(3, 361),
	(9, 361),
	(21, 362),
	(2, 363),
	(3, 363),
	(9, 363),
	(1, 364),
	(3, 364),
	(7, 365),
	(7, 366),
	(6, 367),
	(6, 368),
	(2, 369),
	(3, 369),
	(9, 369),
	(3, 370),
	(6, 371),
	(6, 372),
	(3, 373),
	(2, 374),
	(3, 374),
	(9, 374),
	(8, 375),
	(11, 376),
	(11, 377),
	(1, 378),
	(2, 379),
	(3, 379),
	(6, 379),
	(9, 379),
	(3, 380),
	(10, 380),
	(7, 381),
	(7, 383),
	(11, 384),
	(4, 385),
	(10, 386),
	(11, 386),
	(7, 387),
	(2, 388),
	(3, 388),
	(9, 388),
	(11, 389),
	(2, 390),
	(3, 390),
	(9, 390),
	(14, 390),
	(7, 391),
	(21, 392),
	(21, 393),
	(21, 394),
	(4, 395),
	(1, 396),
	(10, 396),
	(3, 397),
	(2, 398),
	(3, 398),
	(6, 398),
	(9, 398);
/*!40000 ALTER TABLE `gamesgenres` ENABLE KEYS */;

-- Listage de la structure de la table videogames_backup. genres
DROP TABLE IF EXISTS `genres`;
CREATE TABLE IF NOT EXISTS `genres` (
  `id` int(11) unsigned NOT NULL AUTO_INCREMENT,
  `name` varchar(64) NOT NULL,
  PRIMARY KEY (`id`)
) ENGINE=InnoDB AUTO_INCREMENT=23 DEFAULT CHARSET=utf8;

-- Listage des données de la table videogames_backup.genres : ~22 rows (environ)
/*!40000 ALTER TABLE `genres` DISABLE KEYS */;
INSERT INTO `genres` (`id`, `name`) VALUES
	(1, 'FPS'),
	(2, 'Action/Adventure'),
	(3, 'Action'),
	(4, 'Racing'),
	(5, 'Simulation'),
	(6, 'RPG'),
	(7, 'Fighting'),
	(8, 'Sports'),
	(9, 'Adventure'),
	(10, 'Shooter'),
	(11, 'Platformer'),
	(12, 'Strategy'),
	(13, 'Puzzle'),
	(14, 'Survival Horror'),
	(15, 'Hunting'),
	(16, 'Driving'),
	(17, 'Flight Simulation'),
	(18, 'Battle'),
	(19, 'Party'),
	(20, 'Hack & Slash'),
	(21, 'Music'),
	(22, 'Entertainment');
/*!40000 ALTER TABLE `genres` ENABLE KEYS */;

-- Listage de la structure de la table videogames_backup. platform
DROP TABLE IF EXISTS `platform`;
CREATE TABLE IF NOT EXISTS `platform` (
  `id` int(10) unsigned NOT NULL AUTO_INCREMENT,
  `name` varchar(64) NOT NULL,
  `idConstructor` int(11) unsigned NOT NULL,
  `abbreviation` varchar(3) DEFAULT NULL,
  PRIMARY KEY (`id`),
  KEY `FK_platform_constructor` (`idConstructor`),
  CONSTRAINT `FK_platform_constructor` FOREIGN KEY (`idConstructor`) REFERENCES `constructor` (`id`) ON DELETE CASCADE ON UPDATE CASCADE
) ENGINE=InnoDB AUTO_INCREMENT=26 DEFAULT CHARSET=utf8;

-- Listage des données de la table videogames_backup.platform : ~25 rows (environ)
/*!40000 ALTER TABLE `platform` DISABLE KEYS */;
INSERT INTO `platform` (`id`, `name`, `idConstructor`, `abbreviation`) VALUES
	(1, 'PlayStation', 2, 'PS1'),
	(2, 'PlayStation 2', 2, 'PS2'),
	(3, 'PlayStation 3', 2, 'PS3'),
	(4, 'PSP', 2, 'PSP'),
	(5, 'NES', 1, 'NES'),
	(6, 'Super NES', 1, 'SNE'),
	(7, 'Nintendo 64', 1, 'N64'),
	(8, 'Gameboy', 1, 'GB1'),
	(9, 'Gameboy Color', 1, 'GBC'),
	(10, 'Gameboy Advance', 1, 'GBA'),
	(11, 'PS Vita', 2, 'PSV'),
	(12, 'Sega Master System', 3, 'SMS'),
	(13, 'Mega Drive', 3, 'MGD'),
	(14, 'Saturn', 3, 'SAT'),
	(15, 'Dreamcast', 3, 'DCA'),
	(16, 'Game Gear', 3, 'GMG'),
	(17, 'Xbox', 4, 'XB1'),
	(18, 'Xbox 360', 4, 'XB2'),
	(19, 'Xbox One', 4, 'XB3'),
	(20, 'PC Engine', 5, 'PCE'),
	(21, 'PlayStation 4', 2, 'PS4'),
	(22, 'Wii', 1, 'WII'),
	(23, 'Nintendo 3DS', 1, '3DS'),
	(24, 'GameCube', 1, 'GCU'),
	(25, 'Nintendo DS', 1, 'NDS');
/*!40000 ALTER TABLE `platform` ENABLE KEYS */;

-- Listage de la structure de la table videogames_backup. privileges
DROP TABLE IF EXISTS `privileges`;
CREATE TABLE IF NOT EXISTS `privileges` (
  `id` int(11) NOT NULL AUTO_INCREMENT,
  `roles` varchar(25) NOT NULL,
  PRIMARY KEY (`id`)
) ENGINE=InnoDB AUTO_INCREMENT=3 DEFAULT CHARSET=utf8;

-- Listage des données de la table videogames_backup.privileges : ~2 rows (environ)
/*!40000 ALTER TABLE `privileges` DISABLE KEYS */;
INSERT INTO `privileges` (`id`, `roles`) VALUES
	(1, 'admin'),
	(2, 'standard');
/*!40000 ALTER TABLE `privileges` ENABLE KEYS */;

-- Listage de la structure de la table videogames_backup. publishers
DROP TABLE IF EXISTS `publishers`;
CREATE TABLE IF NOT EXISTS `publishers` (
  `id` int(10) unsigned NOT NULL AUTO_INCREMENT,
  `name` varchar(128) NOT NULL,
  PRIMARY KEY (`id`)
) ENGINE=InnoDB AUTO_INCREMENT=69 DEFAULT CHARSET=utf8;

-- Listage des données de la table videogames_backup.publishers : ~62 rows (environ)
/*!40000 ALTER TABLE `publishers` DISABLE KEYS */;
INSERT INTO `publishers` (`id`, `name`) VALUES
	(1, '2K Games'),
	(2, 'Acclaim'),
	(3, 'Sega'),
	(4, 'Infogrames'),
	(5, 'Take 2 Interactive'),
	(6, 'Capcom'),
	(7, 'Eidos Interactive'),
	(8, 'Tecmo'),
	(9, 'TalonSoft'),
	(11, 'Warner Bros Interactive'),
	(12, 'Avalon'),
	(13, 'Jack Of All Games'),
	(15, 'Crave Entertainment'),
	(16, 'Atari'),
	(18, 'Activision'),
	(19, 'Agetec'),
	(20, 'Nintendo'),
	(21, 'Midway'),
	(22, 'Konami'),
	(23, 'Coktel Studio'),
	(24, 'Ubisoft'),
	(25, 'Hudson Soft'),
	(27, 'Disney'),
	(28, 'WayForward'),
	(29, 'Virgin Games'),
	(30, 'Tengen'),
	(31, 'Codemasters'),
	(32, 'Jaleco'),
	(33, 'Sunsoft'),
	(34, 'Kemco'),
	(35, 'Milton Bradley Company'),
	(36, 'Triffix'),
	(37, 'Ultra Games'),
	(38, 'Taito America Corp.'),
	(40, 'Mindscape'),
	(41, 'Tradewest'),
	(42, 'American Technos'),
	(43, 'Data East'),
	(45, 'Seika Video Games'),
	(46, 'CSG Imagesoft'),
	(47, 'Palcom'),
	(48, 'Imagineer Co'),
	(49, 'EA Sports'),
	(50, 'Lucas Arts'),
	(51, 'Enix'),
	(52, 'Majesco Entertainment'),
	(53, 'Square Enix'),
	(54, 'Atlus'),
	(55, 'Focus Home Interactive'),
	(56, 'Blue Byte Software'),
	(57, 'ITE Media'),
	(58, 'Sony'),
	(59, 'Bandai Namco'),
	(60, 'Electronic Arts'),
	(61, 'Bethesda Softworks'),
	(62, 'TECMO KOEI'),
	(63, 'UIG Entertainment'),
	(64, 'THQ Nordic'),
	(65, 'Limited Run Games'),
	(66, 'SquareSoft'),
	(67, 'Ocean'),
	(68, 'RedOctane');
/*!40000 ALTER TABLE `publishers` ENABLE KEYS */;

-- Listage de la structure de la table videogames_backup. users
DROP TABLE IF EXISTS `users`;
CREATE TABLE IF NOT EXISTS `users` (
  `id` int(11) NOT NULL AUTO_INCREMENT,
  `logins` varchar(20) NOT NULL,
  `idPrivileges` int(11) NOT NULL,
  `passwords` varchar(20) NOT NULL,
  PRIMARY KEY (`id`),
  KEY `FK_users_privileges` (`idPrivileges`),
  CONSTRAINT `FK_users_privileges` FOREIGN KEY (`idPrivileges`) REFERENCES `privileges` (`id`)
) ENGINE=InnoDB AUTO_INCREMENT=4 DEFAULT CHARSET=utf8;

-- Listage des données de la table videogames_backup.users : ~2 rows (environ)
/*!40000 ALTER TABLE `users` DISABLE KEYS */;
INSERT INTO `users` (`id`, `logins`, `idPrivileges`, `passwords`) VALUES
	(1, 'admin', 1, 'password'),
	(3, 'rael', 2, 'pass');
/*!40000 ALTER TABLE `users` ENABLE KEYS */;

-- Listage de la structure de la table videogames_backup. videogames
DROP TABLE IF EXISTS `videogames`;
CREATE TABLE IF NOT EXISTS `videogames` (
  `id` int(11) unsigned NOT NULL AUTO_INCREMENT,
  `Title` varchar(256) NOT NULL,
  `ReleaseDate` varchar(64) DEFAULT NULL,
  `idPlatform` int(11) unsigned DEFAULT NULL,
  `Ref_games` varchar(7) DEFAULT NULL,
  `idPublisher` int(11) unsigned DEFAULT NULL,
  `idDeveloper` int(11) unsigned DEFAULT NULL,
  PRIMARY KEY (`id`),
  KEY `FK_videogames_publishers` (`idPublisher`),
  KEY `FK_videogames_videogames_2` (`idDeveloper`),
  KEY `FK_videogames_videogames` (`idPlatform`),
  CONSTRAINT `FK_videogames_publishers` FOREIGN KEY (`idPublisher`) REFERENCES `publishers` (`id`) ON DELETE CASCADE ON UPDATE CASCADE,
  CONSTRAINT `FK_videogames_videogames` FOREIGN KEY (`idPlatform`) REFERENCES `platform` (`id`) ON DELETE CASCADE ON UPDATE CASCADE,
  CONSTRAINT `FK_videogames_videogames_2` FOREIGN KEY (`idDeveloper`) REFERENCES `developers` (`id`) ON DELETE CASCADE ON UPDATE CASCADE
) ENGINE=InnoDB AUTO_INCREMENT=399 DEFAULT CHARSET=utf8;

-- Listage des données de la table videogames_backup.videogames : ~398 rows (environ)
/*!40000 ALTER TABLE `videogames` DISABLE KEYS */;
INSERT INTO `videogames` (`id`, `Title`, `ReleaseDate`, `idPlatform`, `Ref_games`, `idPublisher`, `idDeveloper`) VALUES
	(1, '18 Wheeler American Pro Trucker', '1 June 2001', 15, 'DCA001A', 3, 3),
	(2, '18 Wheeler American Pro Trucker', '1 June 2001', 15, 'DCA001B', 3, 3),
	(3, 'Alone in the Dark: The New Nightmare', '8 May 2005', 15, 'DCA002A', 4, 45),
	(4, 'Aqua GT', '22 December 2000', 15, 'DCA003A', 5, 51),
	(5, 'Blue Stinger', '25 March 1999', 15, 'DCA004A', 3, 36),
	(6, 'Buggy Heat', '9 September 1999', 15, 'DCA005A', 3, 43),
	(7, 'Capcom vs. SNK', '15 December 2000', 15, 'DCA006A', 6, 32),
	(8, 'Chicken Run', '14 November 2000', 15, 'DCA007A', 7, 27),
	(9, 'ChuChu Rocket!', '11 November 1999', 15, 'DCA008A', 3, 110),
	(10, 'Crazy Taxi 2', '29 May 2001', 15, 'DCA009A', 3, 67),
	(11, 'Dead or Alive 2', '18 March 2000', 15, 'DCA010A', 8, 117),
	(12, 'Ecco the Dolphin: Defender of the Future', '11 September 2000', 15, 'DCA011A', 3, 11),
	(13, 'F1 World Grand Prix', '1 May 2000', 15, 'DCA012A', 3, 128),
	(14, 'Fur Fighters', '12 July 2000', 15, 'DCA013A', 2, 24),
	(15, 'Grandia II', '11 December 2000', 15, 'DCA014A', 24, 61),
	(16, 'Grandia II (beta)', '11 December 2000', 15, 'DCA015A', 24, 61),
	(17, 'Headhunter', '16 November 2001', 15, 'DCA016A', 3, 7),
	(18, 'Hidden & Dangerous', '10 July 2000', 15, 'DCA017A', 9, 72),
	(19, 'Jimmy White\'s 2: Cue Ball', '2000', 15, 'DCA018A', 29, 18),
	(20, 'Les Fous Du Volant', NULL, 15, 'DCA019A', 11, 134),
	(21, 'Maken X', '25 April 2000', 15, 'DCA020A', 3, 15),
	(22, 'Marvel vs. Capcom: Clash of Super Heroes', '25 March 1999', 15, 'DCA021A', 6, 32),
	(23, 'Marvel vs. Capcom: Clash of Super Heroes', '25 March 1999', 15, 'DCA021B', 6, 32),
	(24, 'Metropolis Street Racer', '16 January 2001', 15, 'DCA022A', 3, 24),
	(25, 'NBA 2K', '10 November 1999', 15, 'DCA023A', 3, 130),
	(26, 'NHL 2K', '2000', 15, 'DCA024A', 3, 25),
	(27, 'NHL 2K', '2000', 15, 'DCA024B', 3, 25),
	(28, 'Omikron: the Nomad Soul', '21 June 2000', 15, 'DCA025A', 7, 98),
	(29, 'Outtrigger', '3 August 2001', 15, 'DCA026A', 3, 3),
	(30, 'POD 2', '2000', 15, 'DCA027A', 24, 134),
	(31, 'POD 2', '2000', 15, 'DCA027B', 24, 134),
	(32, 'Phantasy Star Online', '21 December 2000', 15, 'DCA028A', 3, 110),
	(33, 'Power Stone 2', '27 April 2000', 15, 'DCA029A', 6, 32),
	(34, 'Project Justice', '12 April 2001', 15, 'DCA030A', 12, 32),
	(35, 'Quake III: Arena', '24 October 2000', 15, 'DCA031A', 3, 71),
	(36, 'Railroad Tycoon II', '1 July 2000', 15, 'DCA032A', 13, 123),
	(37, 'Rayman 2: The Great Escape', '29 February 2000', 15, 'DCA033A', 24, 125),
	(38, 'Ready 2 Rumble Boxing: Round 2', '2000', 15, 'DCA034A', 21, 87),
	(39, 'Red Dog: Superior Firepower', '2000', 15, 'DCA035A', 15, 12),
	(40, 'Resident Evil CODE: Veronica', '25 April 2000', 15, 'DCA036A', 6, 32),
	(41, 'Sega Extreme Sports', '20 October 2000', 15, 'DCA037A', 16, 74),
	(42, 'Sega GT', '28 August 2000', 15, 'DCA038A', 3, 107),
	(43, 'Shenmue', '10 November 2000', 15, 'DCA039A', 3, 3),
	(44, 'Silver', '2000', 15, 'DCA040A', 4, 111),
	(45, 'Skies of Arcadia', '5 October 2000', 15, 'DCA041A', 3, 95),
	(46, 'Skies of Arcadia', '5 October 2000', 15, 'DCA041B', 3, 95),
	(47, 'Sonic Adventure', '23 December 1998', 15, 'DCA042A', 3, 110),
	(48, 'Sonic Adventure 2', '23 June 2001', 15, 'DCA043A', 3, 110),
	(49, 'SoulCalibur', '9 September 1999', 15, 'DCA044A', 3, 89),
	(50, 'South Park Rally', '2000', 15, 'DCA045A', 2, 116),
	(51, 'Space Channel 5', '16 December 1999', 15, 'DCA046A', 3, 126),
	(52, 'Star Wars Episode I: Racer', '28 August 2000', 15, 'DCA047A', 50, 82),
	(53, 'Super Magnetic Neo', '3 February 2000', 15, 'DCA048A', 15, 63),
	(54, 'Sydney 2000', '1 September 2000', 15, 'DCA049A', 7, 16),
	(55, 'Test Drive Le Mans', '7 November 2000', 15, 'DCA050A', 16, 85),
	(56, 'Tomb Raider: The Last Revelation', '24 March 2000', 15, 'DCA051A', 7, 40),
	(57, 'Tony Hawk\'s Skateboarding', '29 June 2000', 15, 'DCA052A', 18, 41),
	(58, 'UEFA Dream Soccer', '8 December 2000', 15, 'DCA053A', 3, 108),
	(59, 'V-Rally 2: Expert Edition', '2000', 15, 'DCA054A', 16, 53),
	(60, 'Vanishing Point', '9 March 2000', 15, 'DCA055A', 2, 37),
	(61, 'Virtua Athlete 2K', '25 August 2000', 15, 'DCA056A', 19, 35),
	(62, 'Virtua Fighter 3tb: Project Berkley', '14 October 1999', 15, 'DCA057A', 3, 3),
	(63, 'Virtua Striker 2', '2 December 2000', 15, 'DCA058A', 3, 3),
	(64, 'Virtua Tennis', '8 September 2000', 15, 'DCA059A', 3, 4),
	(65, 'Virtua Tennis 2', '23 November 2001', 15, 'DCA060A', 3, 67),
	(66, 'Zombie Revenge', '31 December 1999', 15, 'DCA061A', 24, 2),
	(67, 'Castlevania II: Belmont\'s Revenge', '12 August 1991', 8, 'GB1062A', 22, 81),
	(68, 'Donkey Kong Land', '26 July 1995', 8, 'GB1063A', 20, 99),
	(69, 'Donkey Kong Land III', 'October 1997', 8, 'GB1064A', 20, 100),
	(70, 'Double Dragon', '1990', 8, 'GB1065A', 21, 118),
	(71, 'Gargoyle\'s Quest', '1990', 8, 'GB1066A', 6, 32),
	(72, 'Kid Icarus: Of Myths and Monsters', '1991', 8, 'GB1067A', 20, 93),
	(73, 'Mega Man III', '1992', 8, 'GB1068A', 6, 32),
	(74, 'Metroid II: Return of Samus', '26 August 1992', 8, 'GB1069A', 20, 93),
	(75, 'Mystic Quest', '1993', 8, 'GB1070A', 66, 112),
	(76, 'Nintendo World Cup', '1991', 8, 'GB1071A', 20, 118),
	(77, 'Pokémon Yellow Version', '19 October 1999', 8, 'GB1072A', 20, 62),
	(78, 'Tetris', '1 September 1989', 8, 'GB1073A', 20, 30),
	(79, 'The Castlevania Adventure', '27 December 1990', 8, 'GB1074A', 22, 81),
	(80, 'The Legend of Zelda: Link\'s Awakening', '18 November 1993', 8, 'GB1075A', 20, 93),
	(81, 'Breath of Fire', '12 December 2001', 10, 'GBA076A', 6, 32),
	(82, 'Castlevania Double Pack: Castlevania: Harmony of Dissonance + Castlevania: Aria of Sorrow', '10 January 2006', 10, 'GBA077A', 22, 81),
	(83, 'Castlevania: Circle of the Moon', '8 June 2001', 10, 'GBA078A', 22, 81),
	(84, 'Castlevania: Circle of the Moon', '8 June 2001', 10, 'GBA078B', 22, 81),
	(85, 'Crash Bandicoot: Fusion', NULL, 10, 'GBA079A', 23, 134),
	(86, 'Disney\'s Chicken Little', '19 October 2005', 10, 'GBA080A', 27, 134),
	(87, 'Donkey Kong Country', '10 June 2003', 10, 'GBA081A', 20, 93),
	(88, 'Donkey Kong Country 2: Diddy Kong\'s Quest', '16 November 2004', 10, 'GBA082A', 20, 99),
	(89, 'Final Fantasy I & II: Dawn of Souls', '29 November 2004', 10, 'GBA083A', 20, 113),
	(90, 'Final Fantasy IV Advance', '13 December 2005', 10, 'GBA084A', 20, 113),
	(91, 'Final Fantasy Tactics Advance', '11 September 2003', 10, 'GBA085A', 20, 113),
	(92, 'Final Fantasy V Advance', '6 November 2006', 10, 'GBA086A', 20, 113),
	(93, 'Final Fight One', '28 September 2001', 10, 'GBA087A', 6, 134),
	(94, 'Fire Emblem', '6 November 2003', 10, 'GBA088A', 20, 76),
	(95, 'Fire Emblem: The Sacred Stones', '23 May 2005', 10, 'GBA089A', 20, 76),
	(96, 'Fire Emblem: The Sacred Stones', '23 May 2005', 10, 'GBA089B', 20, 76),
	(97, 'Golden Sun: The Lost Age', '13 April 2003', 10, 'GBA090A', 20, 31),
	(98, 'King Kong', '17 November 2005', 10, 'GBA091A', 24, 125),
	(99, 'Mario Kart Super Circuit', '28 August 2001', 10, 'GBA092A', 20, 76),
	(100, 'Mario Kart Super Circuit', '28 August 2001', 10, 'GBA092B', 20, 76),
	(101, 'Mega Man Zero 3', '5 October 2004', 10, 'GBA093A', 6, 134),
	(102, 'Metroid Fusion', '19 November 2002', 10, 'GBA094A', 20, 93),
	(103, 'Metroid: Zero Mission', '10 February 2004', 10, 'GBA095A', 20, 93),
	(104, 'NES Classics 10: Zelda II: The Adventure of Link', '26 October 2004', 10, 'GBA096A', 20, 93),
	(105, 'NES Classics 10: Zelda II: The Adventure of Link', '26 October 2004', 10, 'GBA096B', 20, 93),
	(106, 'NES Classics 11: Dr. Mario', '26 October 2004', 10, 'GBA097A', 20, 93),
	(107, 'NES Classics 12: Castlevania', '25 October 2004', 10, 'GBA098A', 20, 93),
	(108, 'NES Classics 1: Super Mario Bros.', '8 June 2004', 10, 'GBA099A', 20, 93),
	(109, 'NES Classics 2: Donkey Kong', '8 June 2004', 10, 'GBA100A', 20, 93),
	(110, 'NES Classics 3: Ice Climber', '8 June 2004', 10, 'GBA101A', 20, 93),
	(111, 'NES Classics 4: Excitebike', '7 June 2004', 10, 'GBA102A', 20, 93),
	(112, 'NES Classics 5: Legend of Zelda', '8 June 2004', 10, 'GBA103A', 20, 93),
	(113, 'NES Classics 6: Pac-Man', '8 June 2004', 10, 'GBA104A', 20, 93),
	(114, 'NES Classics 7: Xevious', '2 June 2004', 10, 'GBA105A', 59, 89),
	(115, 'NES Classics 8: Bomberman', '7 June 2004', 10, 'GBA106A', 25, 68),
	(116, 'NES Classics 9: Metroid', '26 October 2004', 10, 'GBA107A', 20, 93),
	(117, 'Sonic Advance 2', '11 March 2003', 10, 'GBA108A', 64, 110),
	(118, 'The Legend of Zelda: A Link to the Past w/ the Four Swords', '3 December 2002', 10, 'GBA109A', 20, 93),
	(119, 'The Legend of Zelda: The Minish Cap', '11 January 2005', 10, 'GBA110A', 20, 58),
	(120, 'The Wild', '4 April 2006', 10, 'GBA111A', 27, 134),
	(121, 'Tomb Raider: The Prophecy', '13 November 2002', 10, 'GBA112A', 24, 125),
	(122, 'Pokémon Silver Version', '12 October 2000', 9, 'GBC113A', 20, 62),
	(123, 'Shantae', '18 July 2013', 9, 'GBC114A', 28, 131),
	(124, 'The Legend of Zelda: Oracle of Ages', '17 May 2001', 9, 'GBC115A', 20, 58),
	(125, 'The Legend of Zelda: Oracle of Seasons', '17 May 2001', 9, 'GBC116A', 20, 58),
	(126, 'Metroid Prime', '18 November 2002', 24, 'GCU117A', 20, 103),
	(127, 'Metroid Prime 2: Echoes', '15 November 2004', 24, 'GCU118A', 20, 103),
	(128, 'The Legend of Zelda Collector\'s Edition', '4 November 2003', 24, 'GCU119A', 20, 93),
	(129, 'Asterix: The Power of the Gods', '1995', 13, 'MGD120A', 3, 40),
	(130, 'Asterix: The Power of the Gods', '1995', 13, 'MGD120B', 3, 40),
	(131, 'Castle of Illusion Starring Mickey Mouse', '1990', 13, 'MGD121A', 3, 107),
	(132, 'Disney\'s Aladdin', '11 November 1993', 13, 'MGD122A', 29, 47),
	(133, 'Eternal Champions', '14 August 1993', 13, 'MGD123A', 3, 107),
	(134, 'Global Gladiators', '1992', 13, 'MGD124A', 29, 129),
	(135, 'Jurassic Park', '1993', 13, 'MGD125A', 3, 28),
	(136, 'Marsupilami', '1995', 13, 'MGD126A', 3, 10),
	(137, 'Mega Games 2', '1993', 13, 'MGD127A', 3, 107),
	(138, 'Mig-29 Fighter Pilot', '1993', 13, 'MGD128A', 30, 48),
	(139, 'Pete Sampras Tennis', '1994', 13, 'MGD129A', 31, 38),
	(140, 'Probotector', '1994', 13, 'MGD130A', 22, 81),
	(141, 'Revolution X', '1995', 13, 'MGD131A', 2, 87),
	(142, 'Sonic 3D Blast', 'November 1996', 13, 'MGD132A', 3, 121),
	(143, 'Sonic Classics', '1 July 1995', 13, 'MGD133A', 3, 110),
	(144, 'Sonic the Hedgehog', '23 June 1991', 13, 'MGD134A', 3, 110),
	(145, 'Sonic the Hedgehog 2', '24 November 1992', 13, 'MGD135A', 3, 110),
	(146, 'Sonic the Hedgehog: Spinball', '14 November 1993', 13, 'MGD136A', 3, 107),
	(147, 'Story Of Thor', '1994', 13, 'MGD137A', 3, 8),
	(148, 'Streets of Rage', '2 August 1991', 13, 'MGD138A', 3, 5),
	(149, 'Teenage Mutant Ninja Turtles: The Hyperstone Heist', '21 December 1992', 13, 'MGD139A', 22, 81),
	(150, 'Teenage Mutant Ninja Turtles: Tournament Fighters', '2 December 1993', 13, 'MGD140A', 22, 81),
	(151, 'The Adventures of Mighty Max', '1994', 13, 'MGD141A', 67, 94),
	(152, 'Virtua Racing', '1994', 13, 'MGD142A', 3, 3),
	(153, 'Wonder Boy III: Monster Land', '1990', 13, 'MGD143A', 3, 134),
	(154, 'Adventure Island', '12 September 1986', 5, 'NES144A', 25, 68),
	(155, 'Adventures in the Magic Kingdom', 'June 1990', 5, 'NES145A', 6, 32),
	(156, 'Astyanax', 'March 1990', 5, 'NES146A', 32, 104),
	(157, 'Batman: The Video Game', '22 December 1989', 5, 'NES147A', 33, 114),
	(158, 'Bionic Commando', 'December 1988', 5, 'NES148A', 6, 32),
	(159, 'Blades of Steel', '1988', 5, 'NES149A', 22, 81),
	(160, 'Bugs Bunny Birthday Blowout', 'September 1990', 5, 'NES150A', 34, 80),
	(161, 'Captain Skyhawk', '24 May 1994', 5, 'NES151A', 35, 99),
	(162, 'Castelian', 'June 1991', 5, 'NES152A', 36, 23),
	(163, 'Castlevania', '26 September 1986', 5, 'NES153A', 22, 81),
	(164, 'Castlevania II: Simon\'s Quest', 'December 1988', 5, 'NES154A', 22, 81),
	(165, 'Castlevania III: Dracula\'s Curse', 'September 1990', 5, 'NES155A', 22, 81),
	(166, 'Chip \'n Dale: Rescue Rangers', '12 December 1991', 5, 'NES156A', 6, 32),
	(167, 'Cobra Triangle', 'July 1989', 5, 'NES157A', 20, 99),
	(168, 'Darkwing Duck', '1992', 5, 'NES158A', 6, 32),
	(169, 'Defender of the Crown', 'July 1989', 5, 'NES159A', 37, 83),
	(170, 'Donkey Kong', 'June 1986', 5, 'NES160A', 20, 93),
	(171, 'Donkey Kong 3', '4 June 1986', 5, 'NES161A', 20, 93),
	(172, 'Double Dragon II: The Revenge', 'January 1990', 5, 'NES162A', 2, 118),
	(173, 'Double Dragon III: The Sacred Stones', 'February 1991', 5, 'NES163A', 2, 118),
	(174, 'Dragon Ball', '21 November 1986', 5, 'NES164A', 59, 120),
	(175, 'Duck Tales', 'September 1989', 5, 'NES165A', 6, 32),
	(176, 'Duck Tales 2', 'June 1993', 5, 'NES166A', 6, 32),
	(177, 'Dungeon Magic: Sword of the Elements', 'July 1990', 5, 'NES167A', 38, 90),
	(178, 'Faxanadu', 'August 1989', 5, 'NES168A', 20, 68),
	(179, 'Final Fantasy', '18 December 1987', 5, 'NES169A', 66, 112),
	(180, 'Gauntlet II', 'September 1990', 5, 'NES170A', 40, 88),
	(181, 'Ghosts\'n Goblins', '1986', 5, 'NES171A', 6, 32),
	(182, 'Gradius', '1986', 5, 'NES172A', 22, 81),
	(183, 'Ice Hockey', 'March 1988', 5, 'NES173A', 20, 93),
	(184, 'Ironsword: Wizards and Warriors 2', 'December 1989', 5, 'NES174A', 2, 99),
	(185, 'Ivan Ironman Stewarts Super Off-Road', 'July 1990', 5, 'NES175A', 41, 99),
	(186, 'Kid Icarus', 'August 1987', 5, 'NES176A', 20, 93),
	(187, 'Mach Rider', 'October 1985', 5, 'NES177A', 20, 93),
	(188, 'Mega Man', 'December 1987', 5, 'NES178A', 6, 32),
	(189, 'Mega Man 2', 'June 1989', 5, 'NES179A', 6, 32),
	(190, 'Mega Man 3', 'December 1990', 5, 'NES180A', 6, 32),
	(191, 'Mega Man 4', 'January 1992', 5, 'NES181A', 6, 32),
	(192, 'Metroid', '6 August 1986', 5, 'NES182A', 20, 93),
	(193, 'Nintendo World Cup', 'December 1990', 5, 'NES183A', 20, 118),
	(194, 'Rad Racer', 'October 1987', 5, 'NES184A', 20, 112),
	(195, 'River City Ransom', 'January 1990', 5, 'NES185A', 42, 118),
	(196, 'RoboCop', 'December 1989', 5, 'NES186A', 43, 94),
	(197, 'Rygar', 'October 1987', 5, 'NES187A', 8, 119),
	(198, 'Section Z', 'July 1987', 5, 'NES188A', 6, 32),
	(199, 'Shadowgate', '31 December 1989', 5, 'NES189A', 45, 70),
	(200, 'Silent Service', 'December 1989', 5, 'NES190A', 37, 99),
	(201, 'Solar Jetman: Hunt for the Golden Warpship', '1990', 5, 'NES191A', 41, 99),
	(202, 'Solstice', '26 September 1990', 5, 'NES192A', 46, 109),
	(203, 'Spy vs. Spy', '26 April 1988', 5, 'NES193A', 45, 57),
	(204, 'StarTropics', 'December 1990', 5, 'NES194A', 20, 93),
	(205, 'Super Mario Bros.', '13 September 1985', 5, 'NES195A', 20, 93),
	(206, 'Super Mario Bros.', '13 September 1985', 5, 'NES195B', 20, 93),
	(207, 'Super Mario Bros. 2', '10 October 1988', 5, 'NES196A', 20, 93),
	(208, 'Super Mario Bros. 3', '12 February 1990', 5, 'NES197A', 20, 93),
	(209, 'Super Spike V\'Ball', 'February 1990', 5, 'NES198A', 20, 118),
	(210, 'Swords and Serpents', '1990', 5, 'NES199A', 2, 77),
	(211, 'Tale Spin', '1991', 5, 'NES200A', 6, 32),
	(212, 'Target: Renegade', 'March 1990', 5, 'NES201A', 38, 109),
	(213, 'Teenage Mutant Ninja Turtles', '17 August 1990', 5, 'NES202A', 47, 81),
	(214, 'Teenage Mutant Ninja Turtles II: The Arcade Game', '1990', 5, 'NES203A', 37, 81),
	(215, 'Tennis', '14 January 1985', 5, 'NES204A', 20, 93),
	(216, 'Tetris', '22 December 1988', 5, 'NES205A', 20, 93),
	(217, 'The Adventures of Bayou Billy', 'June 1989', 5, 'NES206A', 22, 59),
	(218, 'The Battle of Olympus', 'December 1989', 5, 'NES207A', 48, 29),
	(219, 'The Goonies II', '1987', 5, 'NES208A', 22, 81),
	(220, 'The Jungle Book', 'August 1994', 5, 'NES209A', 29, 55),
	(221, 'The Legend of Zelda', '22 August 1987', 5, 'NES210A', 20, 93),
	(222, 'Time Lord', '1990', 5, 'NES211A', 35, 99),
	(223, 'Top Gun', 'November 1987', 5, 'NES212A', 22, 81),
	(224, 'Top Gun: The Second Mission', '1990', 5, 'NES213A', 22, 81),
	(225, 'Track & Field II', '1989', 5, 'NES214A', 22, 81),
	(226, 'Trojan', '1987', 5, 'NES215A', 6, 32),
	(227, 'Willow', '1989', 5, 'NES216A', 6, 32),
	(228, 'Wizards & Warriors', 'December 1987', 5, 'NES217A', 2, 99),
	(229, 'Wizards & Warriors III: Kuros Visions of Power', 'December 1992', 5, 'NES218A', 2, 99),
	(230, 'Wrath of the Black Manta', '1990', 5, 'NES219A', 38, 115),
	(231, 'Zelda II: The Adventure of Link', '1 March 1988', 5, 'NES220A', 20, 93),
	(232, 'Zelda II: The Adventure of Link', '1 March 1988', 5, 'NES220B', 20, 93),
	(233, 'Castlevania: Lords of Shadow - Mirror of Fate', '8 March 2013', 23, '3DS221A', 22, 81),
	(234, 'Dragon Quest VII: Fragments of the Forgotten Past', '16 September 2016', 23, '3DS222A', 20, 113),
	(235, 'Dragon Quest VIII: Journey of the Cursed King', '20 January 2017', 23, '3DS223A', 20, 113),
	(236, 'Fire Emblem Echoes: Shadows of Valentia', '19 May 2017', 23, '3DS224A', 20, 93),
	(237, 'Fire Emblem Fates: Birthright', '20 May 2016', 23, '3DS225A', 20, 93),
	(238, 'Fire Emblem Fates: Conquest', '20 May 2016', 23, '3DS226A', 20, 93),
	(239, 'Fire Emblem: Awakening', '4 February 2012', 23, '3DS227A', 20, 76),
	(240, 'Kid Icarus: Uprising', '20 March 2012', 23, '3DS228A', 24, 125),
	(241, 'Mario Kart 7', '4 December 2011', 23, '3DS229A', 20, 93),
	(242, 'Super Smash Bros.', '3 October 2014', 23, '3DS230A', 20, 93),
	(243, 'Super Street Fighter IV: 3D Edition', '21 March 2011', 23, '3DS231A', 6, 32),
	(244, 'The Legend of Zelda: Ocarina of Time 3D', '20 June 2011', 23, '3DS232A', 20, 93),
	(245, 'Banjo-Kazooie', '31 May 1998', 7, 'N64233A', 20, 99),
	(246, 'Castlevania', '31 December 1998', 7, 'N64234A', 22, 81),
	(247, 'F-1 World Grand Prix', '1998', 7, 'N64235A', 20, 96),
	(248, 'GoldenEye 007', '25 August 1997', 7, 'N64236A', 20, 99),
	(249, 'Mario Kart 64', '1 November 1999', 7, 'N64237A', 20, 93),
	(250, 'Mario Party', '8 February 1999', 7, 'N64238A', 20, 68),
	(251, 'Mission: Impossible', '18 July 1998', 7, 'N64239A', 16, 73),
	(252, 'NBA Live 99', '4 November 1998', 7, 'N64240A', 49, 134),
	(253, 'Pokémon Stadium', '13 March 2000', 7, 'N64241A', 20, 65),
	(254, 'Quake', '24 March 1998', 7, 'N64242A', 21, 71),
	(255, 'Rayman 2: The Great Escape', '31 October 1999', 7, 'N64243A', 24, 125),
	(256, 'Rugrats in Paris: The Movie', '12 November 2000', 7, 'N64244A', 64, 17),
	(257, 'Star Wars: Rogue Squadron', '12 April 1998', 7, 'N64245A', 50, 56),
	(258, 'Starshot: Space Circus Fever', '30 June 1999', 7, 'N64246A', 16, 73),
	(259, 'Super Mario 64', '26 September 1996', 7, 'N64247A', 20, 93),
	(260, 'Super Smash Bros.', '26 April 1999', 7, 'N64248A', 20, 65),
	(261, 'The Legend of Zelda: Majora\'s Mask', '26 October 2000', 7, 'N64249A', 20, 93),
	(262, 'The Legend of Zelda: Majora\'s Mask', '26 October 2000', 7, 'N64249B', 20, 93),
	(263, 'The Legend of Zelda: Ocarina of Time', '23 November 1998', 7, 'N64250A', 20, 93),
	(264, 'Tonic Trouble', '31 August 1999', 7, 'N64251A', 24, 125),
	(265, 'Toy Story 2: Buzz Lightyear to the Rescue', '30 November 1999', 7, 'N64252A', 18, 121),
	(266, 'Téléfoot Soccer 2000', NULL, 7, 'N64253A', 64, 134),
	(267, 'Yuke Yuke!! Trouble Makers', '27 June 1997', 7, 'N64254A', 51, 122),
	(268, 'Age of Empires: Mythologies', '25 November 2008', 25, 'NDS255A', 64, 64),
	(269, 'Age of Empires: The Age of Kings', '14 February 2006', 25, 'NDS256A', 52, 19),
	(270, 'Castlevania: Dawn of Sorrow', '4 October 2005', 25, 'NDS257A', 22, 81),
	(271, 'Castlevania: Order of Ecclesia', '21 October 2008', 25, 'NDS258A', 22, 81),
	(272, 'Castlevania: Order of Ecclesia', '21 October 2008', 25, 'NDS258B', 22, 81),
	(273, 'Castlevania: Portrait of Ruin', '5 December 2006', 25, 'NDS259A', 22, 81),
	(274, 'Castlevania: Portrait of Ruin', '5 December 2006', 25, 'NDS259B', 22, 81),
	(275, 'Chrono Trigger', '2 December 2008', 25, 'NDS260A', 66, 113),
	(276, 'Dragon Quest IV: The Chapters of the Chosen', '12 September 2008', 25, 'NDS261A', 66, 113),
	(277, 'Dragon Quest IV: The Chapters of the Chosen', '12 September 2008', 25, 'NDS261B', 66, 113),
	(278, 'Dragon Quest IX: Sentinels of the Starry Skies', '12 July 2010', 25, 'NDS262A', 20, 113),
	(279, 'Dragon Quest V: Hand of the Heavenly Bride', '17 February 2009', 25, 'NDS263A', 66, 14),
	(280, 'Dragon Quest VI: Realms of Revelation', '14 February 2011', 25, 'NDS264A', 20, 113),
	(281, 'Etrian Odyssey', '15 May 2007', 25, 'NDS265A', 54, 15),
	(282, 'Final Fantasy III', '14 November 2006', 25, 'NDS266A', 66, 84),
	(283, 'Golden Sun: Dark Dawn', '29 November 2010', 25, 'NDS267A', 20, 31),
	(284, 'Mega Man ZX', '2 February 2007', 25, 'NDS268A', 6, 32),
	(285, 'Metroid Prime: Hunters', '20 March 2006', 25, 'NDS269A', 20, 93),
	(286, 'Might and Magic: Clash of Heroes', '1 December 2009', 25, 'NDS270A', 24, 33),
	(287, 'Picross DS', '30 July 2007', 25, 'NDS271A', 20, 93),
	(288, 'Radiant Historia', '22 February 2011', 25, 'NDS272A', 54, 15),
	(289, 'The Legend of Zelda: Phantom Hourglass', '1 October 2007', 25, 'NDS273A', 20, 93),
	(290, 'Castlevania X: Rondo Of Blood', '1 January 1992', 20, 'PCE274A', 22, 134),
	(291, 'Blood Bowl', '13 April 2010', 4, 'PSP275A', 55, 44),
	(292, 'Buzz! Master Quiz', '23 September 2008', 4, 'PSP276A', 58, 133),
	(293, 'Castlevania: Dracula X Chronicles', '23 October 2007', 4, 'PSP277A', 22, 81),
	(294, 'Castlevania: Dracula X Chronicles', '23 October 2007', 4, 'PSP277B', 22, 81),
	(295, 'God of War: Chains of Olympus', '4 March 2008', 4, 'PSP278A', 58, 101),
	(296, 'God of War: Chains of Olympus', '4 March 2008', 4, 'PSP278B', 58, 101),
	(297, 'God of War: Ghost of Sparta', '2 November 2010', 4, 'PSP279A', 58, 101),
	(298, 'Kingdom Hearts: Birth by Sleep', '7 September 2010', 4, 'PSP280A', 66, 113),
	(299, 'Monster Hunter: Freedom', '23 May 2006', 4, 'PSP281A', 6, 32),
	(300, 'Prince of Persia: The Forgotten Sands', '18 May 2010', 4, 'PSP282A', 24, 125),
	(301, 'Sonic Rivals', '21 November 2006', 4, 'PSP283A', 3, 19),
	(302, 'SoulCalibur: Broken Destiny', '1 September 2009', 4, 'PSP284A', 59, 89),
	(303, 'Street Fighter Alpha 3 Max', '7 February 2006', 4, 'PSP285A', 6, 32),
	(304, 'Valkyria Chronicles 2', '31 August 2010', 4, 'PSP286A', 3, 107),
	(305, 'Alone in the Dark: The New Nightmare', '20 June 2001', 1, 'PS1287A', 16, 45),
	(306, 'Breath of Fire III', '6 March 1998', 1, 'PS1288A', 6, 32),
	(307, 'Castlevania Chronicles', '9 October 2001', 1, 'PS1289A', 22, 81),
	(308, 'Disney\'s Tarzan', '30 June 1999', 1, 'PS1290A', 58, 55),
	(309, 'Heart of Darkness', '9 September 1998', 1, 'PS1291A', 56, 6),
	(310, 'Hugo 2', 'April 2000', 1, 'PS1292A', 57, 79),
	(311, 'Ninja: Shadow of Darkness', '1 October 1998', 1, 'PS1293A', 7, 39),
	(312, 'Rage Racer', '15 May 1997', 1, 'PS1294A', 59, 89),
	(313, 'Soulblade', '2003', 1, 'PS1295A', 58, 89),
	(314, 'Spyro the Dragon', '10 September 1998', 1, 'PS1296A', 58, 75),
	(315, 'Star Gladiator Episode 1: Final Crusade', '1 November 1996', 1, 'PS1297A', 6, 32),
	(316, 'Star Ocean: The Second Story', '7 June 1999', 1, 'PS1298A', 51, 124),
	(317, 'Street Fighter Alpha 3', '9 May 1999', 1, 'PS1299A', 6, 32),
	(318, 'Tekken 3', '29 April 1998', 1, 'PS1300A', 58, 89),
	(319, 'Tomb Raider: The Last Revelation', '17 November 1999', 1, 'PS1301A', 7, 40),
	(320, 'Castlevania: Curse of Darkness', '1 November 2005', 2, 'PS2302A', 22, 81),
	(321, 'Castlevania: Lament of Innocence', '21 October 2003', 2, 'PS2303A', 22, 81),
	(322, 'Castlevania: Lament of Innocence', '21 October 2003', 2, 'PS2303B', 22, 81),
	(323, 'Castlevania: Lament of Innocence', '21 October 2003', 2, 'PS2303C', 22, 81),
	(324, 'Gungrave', '7 September 2002', 2, 'PS2304A', 3, 102),
	(325, 'Ratchet: Deadlocked', '25 October 2005', 2, 'PS2305A', 58, 75),
	(326, 'Silent Hill 2', '28 September 2001', 2, 'PS2306A', 22, 81),
	(327, 'Tomb Raider: The Angel of Darkness', '19 June 2003', 2, 'PS2307A', 7, 40),
	(328, 'Alone in the Dark: Inferno', '18 November 2008', 3, 'PS3308A', 16, 52),
	(329, 'BioShock', '21 October 2008', 3, 'PS3309A', 1, 1),
	(330, 'BioShock Infinite', '26 March 2013', 3, 'PS3310A', 1, 1),
	(331, 'Bioshock 2', '9 February 2010', 3, 'PS3311A', 1, 1),
	(332, 'Bioshock 2', '9 February 2010', 3, 'PS3311B', 1, 1),
	(333, 'Castlevania: Lords of Shadow', '5 October 2010', 3, 'PS3312A', 22, 86),
	(334, 'Castlevania: Lords of Shadow 2', '28 February 2014', 3, 'PS3313A', 22, 86),
	(335, 'Dark Souls', '4 October 2011', 3, 'PS3314A', 59, 60),
	(336, 'Dark Souls II', '14 March 2014', 3, 'PS3315A', 59, 60),
	(337, 'Dark Souls II', '14 March 2014', 3, 'PS3315B', 59, 60),
	(338, 'God of War Collection', '17 November 2009', 3, 'PS3316A', 58, 133),
	(339, 'God of War: Origins Collection', '13 September 2011', 3, 'PS3317A', 58, 101),
	(340, 'Gran Turismo 5: Prologue', '17 April 2008', 3, 'PS3318A', 58, 97),
	(341, 'Heavenly Sword', '25 September 2007', 3, 'PS3319A', 58, 92),
	(342, 'Mass Effect 3', '6 March 2012', 3, 'PS3320A', 60, 22),
	(343, 'Mirror\'s Edge', '11 November 2008', 3, 'PS3321A', 60, 50),
	(344, 'Rocksmith', '18 October 2011', 3, 'PS3322A', 24, 125),
	(345, 'Rocksmith', '18 October 2011', 3, 'PS3322B', 24, 125),
	(346, 'BioShock: The Collection', '16 September 2016', 21, 'PS4323A', 1, 26),
	(347, 'Blood Bowl 2', '22 September 2015', 21, 'PS4324A', 55, 44),
	(348, 'Bloodborne', '25 March 2015', 21, 'PS4325A', 58, 60),
	(349, 'DOOM', '13 May 2016', 21, 'PS4326A', 61, 71),
	(350, 'Dark Souls II: Scholar of the First Sin', '3 April 2015', 21, 'PS4327A', 59, 60),
	(351, 'Dark Souls III', '12 April 2016', 21, 'PS4328A', 59, 60),
	(352, 'Dark Souls: Remastered', '25 May 2018', 21, 'PS4329A', 59, 60),
	(353, 'Deus Ex: Mankind Divided', '23 August 2016', 21, 'PS4330A', 66, 54),
	(354, 'Devil May Cry: HD Collection', '13 March 2018', 21, 'PS4331A', 6, 92),
	(355, 'Dishonored 2', '11 November 2016', 21, 'PS4332A', 61, 13),
	(356, 'Fallout 4', '10 November 2015', 21, 'PS4333A', 61, 21),
	(357, 'God of War', '20 April 2018', 21, 'PS4334A', 58, 105),
	(358, 'God of War III Remastered', '17 July 2015', 21, 'PS4335A', 58, 133),
	(359, 'Mirror\'s Edge Catalyst', '26 May 2016', 21, 'PS4336A', 60, 50),
	(360, 'Nioh', '8 February 2017', 21, 'PS4337A', 62, 117),
	(361, 'Rise of the Tomb Raider - 20 Year Celebration', '11 October 2016', 21, 'PS4338A', 66, 42),
	(362, 'Rocksmith 2014 Edition', '7 November 2014', 21, 'PS4339A', 24, 125),
	(363, 'Shovel Knight', '27 November 2015', 21, 'PS4340A', 63, 132),
	(364, 'Star Wars: Battlefront', '20 November 2015', 21, 'PS4341A', 60, 50),
	(365, 'Street Fighter V', '16 February 2016', 21, 'PS4342A', 6, 32),
	(366, 'Street Fighter: 30th Anniversary Collection', '29 May 2018', 21, 'PS4343A', 6, 32),
	(367, 'Tales of Berseria', '27 January 2017', 21, 'PS4344A', 59, 89),
	(368, 'The Elder Scrolls V: Skyrim - Special Edition', '28 October 2016', 21, 'PS4345A', 61, 21),
	(369, 'The Last of Us: Remastered', '1 August 2014', 21, 'PS4346A', 58, 91),
	(370, 'The Order: 1886', '20 February 2015', 21, 'PS4347A', 58, 101),
	(371, 'The Surge', '16 May 2017', 21, 'PS4348A', 55, 46),
	(372, 'The Witcher 3: Wild Hunt', '19 May 2015', 21, 'PS4349A', 59, 34),
	(373, 'Titan Quest', '20 March 2018', 21, 'PS4350A', 64, 78),
	(374, 'Uncharted 4: A Thief\'s End', '10 May 2016', 21, 'PS4351A', 58, 91),
	(375, 'WindJammers', '27 January 2018', 21, 'PS4352A', 65, 49),
	(376, 'Asterix', '1993', 6, 'SNE353A', 4, 73),
	(377, 'Cool Spot', '24 February 1993', 6, 'SNE354A', 29, 129),
	(378, 'Doom', '26 October 1995', 6, 'SNE355A', 21, 106),
	(379, 'Final Fantasy: Mystic Quest', '10 September 1992', 6, 'SNE356A', 66, 112),
	(380, 'Jurassic Park', '23 December 1993', 6, 'SNE357A', 67, 94),
	(381, 'Mortal Kombat', '13 September 1993', 6, 'SNE358A', 2, 106),
	(382, 'Sailormoon', NULL, 6, 'SNE359A', 59, 9),
	(383, 'Street Fighter II Turbo', '11 July 1993', 6, 'SNE360A', 6, 32),
	(384, 'Super Mario All-Stars', '1 August 1993', 6, 'SNE361A', 20, 93),
	(385, 'Super Mario Kart', '1 September 1992', 6, 'SNE362A', 20, 93),
	(386, 'Super Metroid', '19 March 1994', 6, 'SNE363A', 20, 76),
	(387, 'Super Street Fighter II: The New Challengers', '25 June 1994', 6, 'SNE364A', 6, 32),
	(388, 'The Legend of Zelda: A Link to the Past', '13 April 1992', 6, 'SNE365A', 20, 93),
	(389, 'Asterix', '1 January 1991', 12, 'SMS366A', 3, 107),
	(390, 'Alone in the Dark', '24 June 2008', 22, 'WII367A', 16, 69),
	(391, 'Castlevania: Judgment', '18 November 2008', 22, 'WII368A', 22, 81),
	(392, 'Guitar Hero 5', '1 September 2009', 22, 'WII369A', 18, 127),
	(393, 'Guitar Hero III: Legends of Rock', '28 October 2007', 22, 'WII370A', 68, 66),
	(394, 'Guitar Hero: Warriors of Rock', '28 September 2010', 22, 'WII371A', 18, 127),
	(395, 'Mario Kart Wii', '27 April 2008', 22, 'WII372A', 20, 93),
	(396, 'Metroid Prime 3: Corruption', '27 August 2007', 22, 'WII373A', 20, 103),
	(397, 'Metroid: Other M', '31 August 2010', 22, 'WII374A', 20, 93),
	(398, 'The Legend of Zelda: Twilight Princess', '19 November 2006', 22, 'WII375A', 20, 93);
/*!40000 ALTER TABLE `videogames` ENABLE KEYS */;

/*!40101 SET SQL_MODE=IFNULL(@OLD_SQL_MODE, '') */;
/*!40014 SET FOREIGN_KEY_CHECKS=IF(@OLD_FOREIGN_KEY_CHECKS IS NULL, 1, @OLD_FOREIGN_KEY_CHECKS) */;
/*!40101 SET CHARACTER_SET_CLIENT=@OLD_CHARACTER_SET_CLIENT */;
